{
  "mae": 0.07913217986617291,
  "rmse": 0.1004848262502719,
  "r2": 0.9482193547644973,
  "mape": 4.554483077944268
}